{"accuracy": [0.5653460621833801, 0.8376982808113098, 0.9049007892608643, 0.9348886609077454, 0.9503236413002014, 0.9611778855323792, 0.9710078835487366, 0.9747776985168457, 0.9787324666976929, 0.9809659123420715], "loss": [1.5714142322540283, 0.5283901691436768, 0.30577343702316284, 0.20440281927585602, 0.153246209025383, 0.11766228824853897, 0.08977822214365005, 0.0787414088845253, 0.06447400152683258, 0.06031364947557449], "val_accuracy": [0.8412246704101562, 0.9267584681510925, 0.9330184459686279, 0.9544160962104797, 0.9568631649017334, 0.9689278602600098, 0.9689847230911255, 0.9681880474090576, 0.9723992943763733, 0.9713180065155029], "val_loss": [0.5418294072151184, 0.23841248452663422, 0.2068813294172287, 0.13852055370807648, 0.13192687928676605, 0.10194685310125351, 0.09936999529600143, 0.10718163847923279, 0.09127278625965118, 0.09436055272817612]}